{
  "article": [],
  "blog": [],
  "collection": [],
  "company": [],
  "company_location": [],
  "location": [],
  "market": [],
  "order": [],
  "page": [],
  "product": [
    {
      "key": "binding_mount",
      "namespace": "test_data",
      "name": "Snowboard binding mount",
      "description": "The type of binding mount used on the snowboard",
      "type": {
        "name": "single_line_text_field",
        "category": "TEXT"
      }
    },
    {
      "key": "snowboard_length",
      "namespace": "test_data",
      "name": "Snowboard length",
      "description": "The length of the snowboard",
      "type": {
        "name": "dimension",
        "category": "MEASUREMENT"
      }
    }
  ],
  "variant": [],
  "shop": [
    {
      "key": "alpine_sports",
      "namespace": "test_data",
      "name": "Alpine sport types",
      "description": "The set of alpine sports that this sport shop specializes in",
      "type": {
        "name": "list.single_line_text_field",
        "category": "TEXT"
      }
    }
  ]
}